{
  "total_samples": 5913,
  "avg_quality_score": 0.8459238888568213,
  "language_distribution": {
    "rust": 1000,
    "python": 1000,
    "typescript": 1000,
    "javascript": 1000,
    "cpp": 1000,
    "java": 41,
    "go": 10,
    "unknown": 862
  },
  "avg_response_length": 2001.281921190597
}